زمان,قد شما به سانتی‌متر,وزن شما به کیلوگرم,شماره کفش شما,جنسیت شما
11/19/2016 19:30:08,180,79,42,مرد
11/19/2016 19:30:16,165,65,41,مرد
11/19/2016 19:30:17,178,72,42,مرد
11/19/2016 19:31:08,160,53,43,مرد
11/19/2016 19:31:08,182,78,36,مرد
11/19/2016 19:31:39,158,55,38,زن
11/19/2016 19:33:42,165,59,38,زن
11/19/2016 19:34:00,181,60,43,مرد
11/19/2016 19:35:10,184,66,43,مرد
11/19/2016 19:36:06,180,90,44,مرد
11/19/2016 19:37:26,179,90,42,مرد
11/19/2016 19:37:26,179,90,42,مرد
11/19/2016 19:38:28,178,62,42,مرد
11/19/2016 19:39:30,165,120,40,زن
11/19/2016 19:40:08,160,50,38,زن
11/19/2016 19:45:20,185,93,44,مرد
11/19/2016 19:45:22,174,74,41,زن
11/19/2016 19:46:49,164,63.7,38,زن
11/19/2016 19:47:39,174,68,44,مرد
11/19/2016 19:50:10,181,118,43,مرد
11/19/2016 19:51:22,172,55,42,مرد
11/19/2016 19:51:48,163,49,38,زن
11/19/2016 19:53:39,168,68,39,زن
11/19/2016 19:54:34,187,76,43,مرد
11/19/2016 19:55:29,193,100,48,مرد
11/19/2016 19:55:42,175,105,43,مرد
11/19/2016 19:56:25,172,80,42,مرد
11/19/2016 19:57:49,165,58,37,زن
11/19/2016 20:01:02,186,67,43,مرد
11/19/2016 20:01:05,180,70,46,مرد
11/19/2016 20:02:48,185,65,43,مرد
11/19/2016 20:03:19,188,70,44,مرد
11/19/2016 20:07:05,169,62,41,زن
11/19/2016 20:07:27,183,99,45,مرد
11/19/2016 20:08:16,174,50,41,مرد
11/19/2016 20:10:32,180,79,34,مرد
11/19/2016 20:10:55,154,42,36,زن
11/19/2016 20:16:30,192,100,47,مرد
11/19/2016 20:19:24,157,47,37,زن
11/19/2016 20:22:22,178,75,41,مرد
11/19/2016 20:26:02,180,91,43,مرد
11/19/2016 20:28:19,185,75,44,مرد
11/19/2016 20:30:32,167,65,40,مرد
11/19/2016 20:37:32,169,87,44,مرد
11/19/2016 20:37:38,167,55,39,زن
11/19/2016 20:40:56,176,64,42,مرد
11/19/2016 20:43:07,176,72,42,مرد
11/19/2016 20:44:10,180,97,45,مرد
11/19/2016 20:44:46,172,72,43,مرد
11/19/2016 20:45:11,175,65,43,مرد
11/19/2016 20:46:31,173,80,43,مرد
11/19/2016 20:46:41,190,100,44,مرد
11/19/2016 20:47:02,181,87,44,مرد
11/19/2016 20:47:37,180,94,43,مرد
11/19/2016 20:50:18,130,65,40,مرد
11/19/2016 21:03:13,192,99,44,مرد
11/19/2016 21:03:13,192,99,44,مرد
11/19/2016 21:05:38,178,94,44.5,مرد
11/19/2016 21:16:20,184,60,42,مرد
11/19/2016 21:19:10,185,75,44,مرد
11/19/2016 21:49:07,189,96,45,مرد
11/19/2016 21:51:50,176,118,43,مرد
11/19/2016 21:56:37,173,57,42,مرد
11/19/2016 22:02:56,185,75,42,مرد
11/19/2016 22:11:55,178,88,42,مرد
11/19/2016 22:12:10,190,60,43,مرد
11/19/2016 22:14:51,174,62,42,مرد
11/19/2016 22:28:42,178,103,44,مرد
11/19/2016 22:46:11,180,110,45,مرد
11/19/2016 22:54:55,175,76,42,مرد
11/19/2016 23:01:48,178,70,43,مرد
11/19/2016 23:09:07,167,56,38,زن
11/19/2016 23:29:30,165,73,42,مرد
11/19/2016 23:29:50,176,68,40,زن
11/19/2016 23:32:17,170,74,42,مرد
11/19/2016 23:37:29,168,62,40,مرد
11/19/2016 23:46:41,170,72,41,مرد
11/20/2016 0:31:17,176,84,43,مرد
11/20/2016 0:38:35,170,90,41,مرد
11/20/2016 0:50:04,169,95,42,مرد
11/20/2016 0:58:34,178,76,44,مرد
11/20/2016 0:59:30,170,65,33,مرد
11/20/2016 1:20:17,176,86,49,مرد
11/20/2016 1:45:08,184,90,45,مرد
11/20/2016 1:48:21,167,56,39,زن
11/20/2016 1:48:32,184,82,44,مرد
11/20/2016 2:04:02,175,93,41,زن
11/20/2016 2:11:47,175,80,42,مرد
11/20/2016 2:44:45,172,67,42,مرد
11/20/2016 3:45:35,184,88,44,مرد
11/20/2016 5:18:00,170,85,42,مرد
11/20/2016 7:06:32,170,66,42,مرد
11/20/2016 7:28:31,165,56,39,زن
11/20/2016 7:40:09,183,90,44,مرد
11/20/2016 7:58:51,175,74,40,مرد
11/20/2016 8:27:34,156,48,38,زن
11/20/2016 8:34:53,185,71,44,مرد
11/20/2016 8:58:17,169,76,41,مرد
11/20/2016 9:15:27,175,108,41,مرد
11/20/2016 9:28:31,168,86,41,مرد
11/20/2016 9:42:18,190,84,43,مرد
11/20/2016 10:00:15,168,63,39,زن
11/20/2016 10:17:45,175,60,42,مرد
11/20/2016 11:03:53,163,74,37,مرد
11/20/2016 11:48:20,184,104,45,مرد
11/20/2016 12:28:17,174,78,42,مرد
11/20/2016 12:42:30,182,168,48,مرد
11/20/2016 12:43:16,182,168,48,مرد
11/20/2016 13:36:33,188,72,43,مرد
11/20/2016 13:39:07,170,91,42,مرد
11/20/2016 14:23:11,171,54,39,زن
11/20/2016 14:34:55,179,91,39,مرد
11/20/2016 14:42:08,183,61,43,مرد
11/20/2016 14:57:47,190,72,44,زن
11/20/2016 15:34:22,175,73,42,مرد
11/20/2016 15:51:53,185,82,42,مرد
11/20/2016 16:06:51,178,100,55,مرد
11/20/2016 16:54:24,192,98,45,مرد
11/20/2016 17:10:42,176,69,41,مرد
11/20/2016 17:13:13,178,65,43,مرد
11/20/2016 18:54:15,174,70,42,مرد
11/20/2016 19:58:05,194,75,45,مرد
11/20/2016 20:16:41,190,86,43,مرد
11/20/2016 20:48:06,170,63,42,مرد
11/20/2016 20:49:17,175,80,42,مرد
11/20/2016 20:52:37,173,68,42,مرد
11/20/2016 20:56:30,164,60,39,زن
11/20/2016 21:50:47,178,55,43,مرد
11/20/2016 23:31:36,180,78,43,مرد
11/21/2016 1:07:49,179,66,41,مرد
11/21/2016 1:51:22,173,58,42,مرد
11/21/2016 3:13:58,178,72,44,مرد
11/21/2016 7:20:52,179,87,45,مرد
11/21/2016 9:40:16,183,65,42,مرد
11/21/2016 12:32:40,178,70,42,مرد
11/21/2016 12:34:36,175,60,32,مرد
11/21/2016 13:01:44,170,75,42,مرد
11/21/2016 13:12:26,170,70,46,مرد
11/21/2016 14:35:50,170,60,42,مرد
11/21/2016 16:55:46,178,59,42,مرد
11/21/2016 18:56:08,184,85,42,مرد
11/21/2016 19:31:50,160,50,37,زن
11/21/2016 19:46:06,175,81,43,مرد
11/21/2016 23:04:02,189,84,42,مرد
11/22/2016 0:21:28,173,80,43,مرد
11/22/2016 1:05:18,175,67,42.5,مرد
11/22/2016 8:03:43,175,82,42,مرد
11/22/2016 11:29:54,184,92,44,مرد
11/22/2016 22:22:10,183,110,46,مرد
11/22/2016 23:15:43,185,110,45,مرد
11/23/2016 1:06:29,166,53,38,زن
11/25/2016 23:14:49,180,64,42,مرد
11/27/2016 12:02:13,165,78,42,مرد
11/28/2016 14:44:57,187,99,45,مرد
11/30/2016 0:27:54,172,78,43,مرد
12/6/2016 6:50:18,179,83,42,زن
8/8/2018 0:27:01,185,90,45,مرد
8/18/2018 11:58:22,167,76,43,مرد